{
  "global_auc_train_mean": 0.9546820510780087,
  "global_auc_train_median": 0.9138468339947935
}