{
  "global_auc_train_mean": 0.8842338870762141,
  "global_auc_train_median": 0.944768
}