DRUG_NAME,target,expected_cancer,n_expected,n_other,delta_expected_mean,delta_other_mean,fold_diff,mann_whitney_u,p_value
Erlotinib,EGFR,Lung,154,776,-0.008015046,-0.020516025,0.39067264935600693,76103.0,3.941879055628516e-08
Gefitinib,EGFR,Lung,154,779,-0.0694147,-0.08382008,0.8281393194547321,72820.5,1.328752181035256e-05
Osimertinib,EGFR,Lung,154,778,-0.055079423,-0.062860236,0.8762205733444857,66709.0,0.01291410364281931
Venetoclax,BCL2,Haematological,136,797,-0.10357205,-0.052134898,1.9866168911920925,22482.0,1.0
Trametinib,MAP2K1/MAP2K2,Skin,54,887,-0.07600333,-0.028475124,2.669114052629583,13563.0,0.9999999575596147
Crizotinib,ALK/MET,Lung,156,785,-0.0019521496,-0.011910282,0.16390469870538293,77862.0,4.066968164491402e-08
Talazoparib,PARP1/PARP2,Breast,50,881,-0.039485756,-0.03382463,1.16736732630021,19140.0,0.9406226868921624
Ruxolitinib,JAK1/JAK2,Haematological,133,742,-0.012018904,0.0018267332,-6.579416233218023,30284.0,0.9999999999993809
Cytarabine,DNA_polymerase,Haematological,106,620,-0.09785621,0.0039234073,-24.94157553116063,12498.0,1.0
