Cancer,n_test,n_train,pos_rate,supervised_rf_auc,supervised_rf_p,supervised_rf_p10,supervised_lr_auc,supervised_lr_p,GAUGE_pcp_auc,GAUGE_pcp_p,GAUGE_pcp_p10,GAUGE_complementarity_auc,GAUGE_complementarity_p,GAUGE_complementarity_p10
Melanoma,119,1161,0.3445378151260504,0.6816760475297061,0.0002,0.7,0.6841776110068793,0.0006,0.5838023764853033,0.0652,0.6,0.6191369606003752,0.0142,0.7
NSCLC,119,1161,0.3865546218487395,0.7820131030375224,0.0002,0.9,0.7555092316855272,0.0002,0.5935080405002977,0.0448,0.5,0.570577724836212,0.1002,0.6
Breast,119,1161,0.3277310924369748,0.7564102564102564,0.0002,0.8,0.7259615384615385,0.0002,0.7657051282051283,0.0002,0.7,0.6724358974358975,0.0008,0.5
Ovarian,119,1161,0.3445378151260504,0.7370231394621638,0.0002,0.8,0.6738586616635398,0.0004,0.506253908692933,0.4572,0.4,0.6313320825515948,0.01,0.7
