category,n_drugs,mean_spearman,std_spearman
KG-active,118,0.2988776325691914,0.20931104649036647
KG-silent,20,0.11041979356343515,0.20213368036017865
