{
  "global_auc_train_mean": 0.8733338465287074,
  "global_auc_train_median": 0.9392015
}