{
  "global_auc_train_mean": 0.9588283116936123,
  "global_auc_train_median": 0.916547151234424
}