DRUG_ID,DRUG_NAME,gene_name,n_cells,mean_delta_auc,std_delta_auc,abs_mean_delta_auc,frac_sensitising,is_known_target
1083,Crizotinib,MET,189,0.00016871740808710456,0.00015724705008324236,0.00019286076712887734,0.0,True
1936,Savolitinib,MET,186,0.0001480045757489279,0.0001741767191560939,0.00018533568072598428,0.0,True
1919,Osimertinib,EGFR,186,0.00013778959691990167,0.00012280361261218786,0.00015504642215091735,0.0,True
1168,Erlotinib,EGFR,185,0.00010858355381060392,0.00012567486555781215,0.00013459211913868785,0.0,True
1010,Gefitinib,EGFR,186,9.033676906256005e-05,0.0001199156540678814,0.00012151448026997969,0.0,True
1149,TW 37,BCL2,75,-0.00010280529386363924,0.0001336768182227388,0.0001397744781570509,0.0,True
1909,Venetoclax,BCL2,186,-0.00020585762104019523,0.00016989784489851445,0.0002210459060734138,0.0,True
